<?xml version="1.0" encoding="UTF-8" standalone="no"?>
<!DOCTYPE properties SYSTEM "http://java.sun.com/dtd/properties.dtd">
<properties>
<!-- Za koristenje dretvi 6,7,8,9 potrebno je kreirati specificirane txt datoteke -->
<comment>NWTIS konfiguracija</comment>
<entry key="brojDretvi">5</entry>
<entry key="dnevnik">nwtis.zadaca_1</entry>
<entry key="interval_1">10</entry>
<entry key="URL_1">http://arka.foi.hr</entry>
<entry key="URL_2">http://www.foi.hr</entry>
<entry key="URL_3">http://www.cnn.com</entry>
<entry key="URL_4">http://www.microsoft.com</entry>
<entry key="URL_5">http://www.google.com</entry>
<entry key="URL_6">file:/e:/nwtis.1.txt</entry>
<entry key="URL_7">file:/e:/nwtis.2.txt</entry>
<entry key="URL_8">file:/e:/nwtis.3.txt</entry>
<entry key="URL_9">file:/e:/nwtis.4.txt</entry>
<entry key="vrijemePocetka">22:44:00</entry>
<entry key="interval_3">60</entry>
<entry key="datotekaKraj">nwtis.kraj.txt</entry>
</properties>
